name,uuid
PLH - Internal - Frequency,5e8c303a-fdba-4b1f-9ce4-14d703a0d547
PLH - Survey - Parenting & Behaviour - Questions & Comparison,1052bf09-6128-4854-a1c8-d01a18649016
PLH - Timed - 24h timeout alert,051d6d5a-a804-4c8b-957f-bedefc371e86
PLH - Internal - Restart expired flow,d1093455-8e72-4853-8c20-e90a5b000a66
PLH - Survey - Behaviour - Children age groups,13c225c1-8f81-4610-8062-df304b3a2275
PLH - Handler - Welcome,5bab68b8-be88-47a0-8569-383302314a67
PLH - Welcome - Tips,374c3c4a-1c73-448d-b1da-b276ea43a52c
simulate program,42d73bc3-6425-4843-a6ff-08365e490b8a
PLH - Content - Supportive - First message,7dbe389d-b2aa-430d-a371-a95554236302
simulate surveys,8372c79e-4669-430b-a32d-a46a47eb7710
PLH - Internal - Restart campaign for WA,b1ff47c7-047c-4729-86e9-0a653eb89094
PLH - Internal? - Frequency,797bf7af-828a-4a4c-ac5a-e2c679d6b685
test attachments,7ce16400-315b-4ce7-8e93-1e133e6f0f9f
saara test surveys,d34aa482-8ffd-4c54-81f7-63f2ca9c8e51
tettst,ebbb4e38-fa1c-4f63-a595-a5605d4caaf1
Sample Flow - Satisfaction Survey,215f277d-e1c5-42a8-b237-6e788dd20826
Sample Flow - Simple Poll,f615e9db-3038-47df-90fc-5bcf7aaa8cae
Sample Flow - Order Status Checker,f7bd1102-cf54-4db6-ad18-7eee9138feeb
PLH - Timed - Campaign,2b70c394-ba51-49db-b2f2-7386d32ba3c7
PLH - Internal - Define next campaign event,4a224f80-4948-477d-ac7a-4a043427d7b2
PLH - Internal - Initialise time variables,9759ceca-59b1-4656-9235-29f4dd68fd89
PLH - Internal - Update time counters,b4f4891d-3761-480a-85b8-08a04202b942
PLH - Supportive - Share,87627cd6-a9df-4fea-8014-9eeb8566ed0c
PLH - Supportive - HelpMe reminder,ddf51a8d-83c6-421c-90f5-0342ca23e3ef
PLH - Activity - Child04 - Active -  See it be it,e64dcf7f-105a-4266-a45a-6c88e12b9325
PLH - Activity - Child05 - Calm - Story time,73cfccf9-6194-44cf-9c02-7e02ab539f11
PLH - Activity - Child06 - Active - Superpowers,1b6efe2a-cae9-4849-aee3-735efa5fa2b3
PLH - Activity - Child07 - Calm -  Three options,786d8fc3-52f4-4ee9-a084-b28ddfddd094
PLH - Activity - Child08 - Active - Worms go home,b6673ed8-c78b-4fae-90e3-425a33c3311e
PLH - Survey - Behaviour - Choose behaviours 24h and most challe,6f064b65-3dea-4452-9d98-2b6123c2cd40
PLH - Content - Relax - CheckIn - Anger management,1bfcdbc5-d913-4805-9ee9-4db9fb315a98
PLH - Content - Relax - CheckIn - Anger management 2,c43aab26-041a-40bd-92e7-aa836668e9ac
PLH - Content - Relax - CheckIn - Notice how you feel,74458963-d122-4f7f-a5c5-f7b571a5d57b
PLH - Content - Extra - Behave - Crisis,b98a6ba9-0d69-4bb4-afea-7455b8e4ad13
PLH - Content - Relax - CheckIn - Connect,8811143b-19bc-40aa-b548-70d197dec951
PLH - Content - Relax - CheckIn - Mindful movement,6a75e29d-0dec-4106-a364-8053986d80af
PLH - Activity - Child15 - Active -  Dance choreography,13eb4408-b767-40f5-8f2e-cb67ffad0ab8
PLH - Activity - Child16 - Active -  Mirror,2b0df41d-156d-466b-877f-61d986a2c2ca
PLH - Activity - Child17 - Active -  Freeze dance,65997b74-589d-4eb2-8305-34705e614813
PLH - Activity - Child18 - Active -  Run around and do this,30f25e84-8073-4fdd-bae5-49211c596ff2
PLH - Activity - Child20 - Active -  Stage Directions,11466639-360d-49bb-840f-a364e54d8475
PLH - Activity - Child21 - Calm -  Blind Dragon,8d1dab41-d3f3-4580-99a8-2ea4d9eff334
PLH - Activity - Child22 - Active - What are you doing?,ab70fdac-c011-4fac-b1df-a6ac31248ec6
PLH - Activity - Child23 - Calm - When I was younger,8355d677-450e-4f46-a983-aa3a20008e03
PLH - Activity - Child24 - Calm - Dancing with Angels,020dc115-16c2-418a-80db-a8905f04e39b
PLH - Activity - Child25 - Calm - The Interrupter,97b7e914-9a72-4334-a7f0-8fbd420b7f8f
PLH - Activity - Child26 - Active - Make housework fun,6cd9c0dc-c8cc-44a7-b3be-4b69eff0a71a
PLH - Activity - Child27 - Calm - At the end of the day,ad75d32b-9f53-49f8-8af5-16cea705fe8a
PLH - Content - Extra - Behave - Praise,db7d0615-bfda-4d76-98ff-683666965259
PLH - Content - Extra - Behave - One-on-one time,e4247303-dc35-47f0-971a-beb4f04b6993
PLH - Content - Extra - Behave - Routines,819714a3-e084-4952-84d4-6a2cd6277eaf
PLH - Content - Extra - Behave - Be open to emotions,d0ae04c6-01f2-4b38-9346-8af09f6cc692
PLH - Content - Extra - Behave - Redirect,19bfe503-7b83-4862-aec1-e92a063bdb4d
PLH - Content - Extra - Behave - Ignore,e846afdb-409a-4400-88a4-2e3c50c1590b
PLH - Content - Extra - Behave - Consequences,e8ca3466-26ce-4c59-91d2-931fa1800f7f
PLH - Content - Extra - Behave - Problem solving,b04cc58b-dcea-459e-8b84-3a96937befe5
PLH - Activity - Teen08 - Active - Get Active!,9e5d660f-314a-4718-8ae7-005e30a4b6fb
PLH - Activity - Teen09 - Active - Co-chef,e6fcbb34-b7e8-45dc-b39c-3a553488815e
PLH - Activity - Teen10 - Active -  What's new?,228361b5-0ad8-4aa3-b232-dd007e7b7ab3
PLH - Activity - Teen11 - Active -  Dance Choreography,1a4bc9fd-0584-4e99-a42a-9bba540f5779
PLH - Activity - Teen13 - Active -  What are you doing?,0857f5d1-126d-43df-8562-c46ea1ae3987
PLH - Content - Positive - Routines,92c07aea-c08a-4323-b0f8-f65875fdf661
PLH - Activity - Teen14 - Calm -  Make up a story!,3046277f-30d6-4f3d-b8a7-3a20509ea2ea
PLH - Activity - Teen15 - Active - Crazy chicken,f94144e8-804a-4013-a03b-8f0b68749380
PLH - Content - Time - Introduction,2ee167c8-b8fb-4ada-a5b2-b6b48ac05b24
PLH - Content - Time - CheckIn,91a22837-9911-4c27-a4d5-acb74f487574
PLH - Activity - Teen18 - Active - Pass the snap,9d890380-4225-46e1-ae59-728f202debec
PLH - Activity - Teen19 - Calm - Just a friendly chat,6c295a2f-11ef-4b4e-b639-82a1595ce79c
PLH - Content - Relax - Introduction,3d409e68-a58f-4631-8d63-a5698312ce69
PLH - Activity - Teen21 - Calm - At the end of the day,b79693e7-3f88-48ef-9b6b-6e7f01830c36
PLH - Content - Relax - CheckIn - List of things,69596b6d-344a-479e-b929-cdd913d7a229
"PLH - Activity - Adult02 - Active - 2 truths, 1 lie",91444111-c17e-484e-bee3-d33e5f4101d2
PLH - Activity - Adult03 - Active - Family work out,f60c9f13-53bc-44e6-9f6d-2cc22ca54d6d
PLH - Activity - Adult04 - Active - Crazy chicken,7115979f-09d4-4e24-b28d-6342af72030d
PLH - Activity - Adult05 - Calm - Take a pause,c2d65fab-7d09-45e9-8d3e-bc1087222750
PLH - Content - Positive - Introduction,6b17bd14-090e-4f4e-b629-3195e03e0ccf
PLH - Content - Positive - How to Praise (intro),b1199f33-dc68-4b0d-9c09-1a6b65d020ec
PLH - Activity - Adult08 - Active - Relax,88d5649d-4fee-4e3a-aef9-3bc7694baf73
PLH - Activity - Adult07 - Calm - Magical number,44ee5ea6-0bec-4e84-9399-24002789fdc5
PLH - Activity - Adult09 - Active - Stop & listen,8d912dba-e923-400e-8608-f723aef176dc
PLH - Activity - Adult10 - Calm - Release some energy,229e7f9e-e9ba-40e8-b46e-966576cd707d
PLH - Activity - Adult11 - Calm - Give yourself a hug,23200026-e835-4158-b02e-1e2964d8b53c
PLH - Feedback - Feedback for content,af17f061-405e-4de2-9c86-aed8e35f85ee
PLH - Activity - Adult06 - Calm - Taking care of yourself,89bbe52c-3452-43ef-9337-1a011738e369
PLH - Content - Positive - Rules,e65085ae-971b-4cfc-9578-68b069555aa7
PLH - Content - Positive - Redirect behaviour,861ec64a-15fb-4efd-ba72-4e7329a9d5c6
PLH - Content - Positive - Behaviour consequences,cfe31cd4-a311-49ac-83fc-88ee41dede8e
PLH - Activity - Baby12 - Calm - Book sharing,e3269c9c-bf39-4d73-890f-aa73b2aaafef
PLH - Content - Positive - Ignore behaviour,a2a34dae-c0d6-4010-92a9-cd31147d6657
PLH - Content - Positive - Problem solving,ce3e90ee-12aa-459a-ae6b-e0c186682e8d
PLH - Content - Positive - Crying,d5f5e1bd-1d17-45b5-b711-c4b64a0a8521
PLH - Picker - Age group for activity,13f5554e-a1f7-4538-87f5-e955a80b520c
PLH - Content - Tips - Difficult behaviours survey,81ac0d3d-3d56-4440-a628-2be84970665d
PLH - Content - Positive - Online,d93f546c-37e3-46a3-a588-33ede678ae46
PLH - Content - Positive - Behave reminder,120a0334-ec1c-460c-8985-a133117de807
PLH - Welcome - Age group for tips,58207ce1-0e5a-4da8-a72c-fc9f0425e1a4
PLH - Settings - Change age group for tips,43f527ab-4b0d-4820-b3be-d05b01af6286
PLH - Content - Positive - Safe/unsafe touch,c40b14d7-2db5-49af-825b-2f9105fa64c2
PLH - Content - Positive - Crisis,9cd3644d-ea82-47f9-8fed-442f57c141a6
PLH - Content - Positive - Routines part 3 and song,645ce04f-569b-4d22-a23e-c8a4ebfd3504
PLH - Content - Positive - Routines part 2,7849bc5a-2640-42d5-9df1-5b75e8621f48
PLH - Content - Positive - Emotion,5c23b074-7c95-4f6f-8b85-c6bd51d2c6f5
PLH - Help - Entry,4ed7d679-5b15-470c-84f8-e65e1b46510c
PLH - Help - Emergency,c9fba6b6-44fb-4f16-91d0-572ae46be3b9
PLH - Help - Stress,e6654030-ac5c-4721-9d1b-c9958eba5584
PLH - Content - Relax - CheckIn - Quick Pause,dfcb78b3-0064-451e-a943-469d7a54d2ff
PLH - Content - Positive - Instructions on keeping it positive,ce4f1bfb-3c3a-40e9-a649-195bb1d27fd1
PLH - Handler - Activity - Babies,c7420a7d-43c1-4c89-9dd2-fcfbab777adf
PLH - Handler - Activity - Young children,9f3e1014-3428-4040-875d-508a6d730f78
PLH - Handler - Activity - Teenagers,c0a63d03-beb0-419d-9b4b-01ab0587f0b5
PLH - Handler - Activity - Adults,c4b035cb-805c-4140-a260-3f99d1064254
PLH - Activity - Child09 - Active - Crazy chicken,835327f0-fe1a-490b-9b3a-ea6cf9529f78
PLH - Activity - Child10 - Calm -  Drawing,bd730323-c690-4341-9ff8-2ae33ee80ede
PLH - Welcome - Children age groups,5b8e6ff4-3686-4675-9ad2-dac4aa8c4bda
PLH - Activity - Child11 - Calm -  Self portrait,7ac40f3d-fd9b-47bc-a103-54aa43c6bf2c
PLH - Activity - Child12 - Active -  Transform the object,5323774e-c92c-46c3-b60f-e29266f24222
PLH - Activity - Child13 - Active -  Name that tune,12993690-1390-48da-8831-f8d9339874b7
PLH - Content - Extra - Behave - Crying,37efcf13-04b1-4c38-b9c4-6c919148da7f
"PLH - Activity - Child14 - Calm -  Memory game - ""When COVID-19",2d8d5316-fa0f-4dd5-8932-604de2923062
PLH - Welcome - Initial registration,4e523bbb-8e52-40d0-9321-f1cd584b4667
PLH - Supportive - Weekly congratulations,273232af-cf47-44b8-812b-a47638b23204
PLH - Activity - Child19 - Active -  Ship to shore,a5fc2f75-7dbd-45cb-a239-e61b4fd180f4
PLH - Handler - Content - Main - Time,c7dc5961-5a87-4dd3-889f-c3c22ae3c0e9
PLH - Handler - Content - Main - Relax,0539434d-70ae-4a93-bd10-cc644a57e8db
PLH - Handler - Content - Main - Positive,45c42f11-a16e-49d1-9b67-db08c6637379
PLH - Handler - Survey,d5703022-06f8-4ee1-b4d0-15423f7da543
PLH - Supportive - Calm,64e00b5b-577f-4bc6-989f-515537ef5837
PLH - Supportive - Praise,45e0ff0b-ae94-46fb-99f5-8c20047d62ea
"PLH - Activity - Teen01 - Calm -  2Truths, 1 Lie",3895e2b0-1c8d-4f56-b31c-bbbe512a3ca2
PLH - Survey - COVID19 Experience,06abaef8-576a-46d0-9ea8-29315a278d73
PLH - Internal - Set up default contact fields,d0420395-593b-4ce7-a582-cfb8a2bd12db
PLH - Activity - Teen02 - Calm -  Three options,1238ec36-adf4-4fb5-846c-5db149b4bd3c
"PLH - Activity - Teen03 - Calm - Yes, No or Maybe",5fe69a45-9af9-4675-86c1-89ecb548971f
PLH - Survey - Parenting & Behaviour,31e07146-9930-4ccb-92d9-c316aa231b84
PLH - Activity - Teen04 - Calm - The Interrupter,601579e8-2c0d-4d76-8c85-8e2a3dd86bc8
PLH - Activity - Teen05 - Calm - Superpowers,d4de3bd7-f6b1-450e-a343-b0796d846a2e
PLH - Activity - Teen06 - Calm - How was your day?,e49ffb33-9d12-452f-a47a-a231080ba927
PLH - Survey - Behaviour,cab92220-a847-4b10-86ec-4fd32083d4d6
PLH - Help - Children,5b3e82ce-838f-47e0-8683-fc0aaee8fc82
PLH - Content - Extra - Disability,cb451259-0b50-4f77-aa3a-8192e1c57854
PLH - Content - Extra - Development,bf22ae5b-9b31-4c00-a60e-aab6020354c7
PLH - Activity - Teen07 - Calm - Dream travel,068f0585-d2c6-4a00-a5ef-a0f97d0a3034
PLH - Settings - Manage information user,acc349e7-07f7-4876-9977-d1efbfaac63f
PLH - Settings - Manage information children,151d828f-429e-48cf-a6c8-dd24f25e491e
PLH - Settings - Message timing,88915362-ff62-49ca-8845-d251233efe0c
PLH - Timed - Morning,f3119156-4b58-4de2-bfae-9542e196e67e
PLH - Timed - Main,aa163335-e31b-4e0a-a877-7c78cd7458c6
PLH - Timed - Evening,34125299-765f-4d9d-9a9b-1e02bdb8de13
PLH - Handler - Content - Evening,744e5bcd-572e-4042-b9b9-3ded129254e1
PLH - Handler - Content - Morning,2cb69b2a-9f6f-479e-9f00-12a84cb25762
PLH - Activity - Teen12 - Calm -  Mirror,4c30edcd-e5d0-457d-955c-e66c333c0427
PLH - Settings - Type of media content,312ed317-187b-44a6-ae1e-914cf8e04cbd
PLH - Activity - Teen16 - Active - Name that tune,0f333d8b-3116-42ea-97f9-e4ff2545fda5
PLH - Content - Positive - Family,a80b9373-0a60-4441-832f-bc85ff7cc80b
PLH - Content - Positive - Budget,11ef2a8d-9c63-4cce-829a-76d1ca70732f
"PLH - Activity - Teen17 - Calm - ""When COVID-19 ends...""",5ad6750c-9544-4c7b-bf25-9e0fb901cc37
PLH - Picker - Choose difficult age,02893b81-0b73-40e4-adb0-51fe2735c238
PLH - Settings - Manage information,7d37c807-1ef0-45dd-a7dc-c47381dc6891
PLH - Activity - Teen20 - Active - Make housework fun,76eef6ff-b0e1-42a3-86f8-8fd61ee4cbbd
PLH - Content - Relax - CheckIn - Loving Kindness,a2298ec6-7d19-4221-8be2-e41bf981ada4
PLH - Activity - Adult01 - Calm - A short pause,909f7c0b-5c08-4b74-bdbb-6f4c36a06bda
PLH - Handler - Activity,9823c066-3469-4646-99a9-a9761a3e41e4
PLH - Content - Relax - CheckIn - Three is a magical number,1a359051-b742-4540-ba29-9c52c9a1227a
PLH - Content - Positive - Book sharing,3c73667e-4d19-4790-bedf-0e0a4bc0dc92
PLH - Survey - Parenting & Behaviour - Choose behaviours 24h,99691e51-cea3-49da-a75d-89009af9774e
PLH - Content - Relax - Feedback,59929cfd-72ab-4baf-8a2d-5550ba5db66c
PLH - Settings - Language,af55a3db-706b-4e16-8d83-57c749e2591a
PLH - Settings - Leave the program,84089f75-51fc-4f44-8667-816951a6bf0c
PLH - Content - Relax - Anger management,5a532360-8bc8-48b7-ae79-4d010ec6f2d2
PLH - Help - Access toolkit,808ff480-720b-4d51-8797-f88a994e87c7
PLH - Content - Extra - Budget,8cf1e79a-2624-43f4-99db-3e24afbacdd0
PLH - Content - Extra - Online,d272de3f-4967-44f5-921c-012cda2a242d
PLH - Content - Extra - Family,9cd4dce0-35c0-457b-a49d-78f2c94dd056
PLH - Content - Extra - COVID,2f76fc66-65b0-40a3-82f2-126505e201f0
PLH - Content - Extra - Education,ac6b873a-111b-4dd3-8655-881f876453a5
PLH - Content - Extra - Behave,b986fc53-be5b-472e-bfcd-d2964337c9af
PLH - Welcome - Entry,336aa1c3-d3b3-4935-9452-8339637a8f93
PLH - Help - Settings,1a9ef615-310e-4096-b326-ebe1b938c45f
PLH - Survey - Parenting,8a52eee3-44f2-4c4f-8b1c-77b9c22c0045
PLH - Activity - Baby02 - Active - Peek-a-boo!,d05052e5-6f15-45c9-9907-f5c6d05d4a83
PLH - Activity - Baby03 - Active - Funny faces,40b4b635-be1d-4663-a8bb-63b91d581e59
PLH - Activity - Baby01 - Active - Mirror game,a82507f8-4e7c-4aa2-ba15-50af3b0cddd0
PLH - Activity - Baby04 - Active -  The sun is coming!,f21d528a-8599-4676-99b6-b550b0cc84dc
PLH - Activity - Baby05 - Active -  Shakers,ba73a501-03d0-4d7e-bcd0-bd4bacc2e7b1
PLH - Activity - Baby06 - Active -  Musical Toes,6fdcc797-1d0f-4661-bb4b-4d50cb2e676f
PLH - Activity - Baby07 - Active -  Down in a ditch!,e940c54c-7923-4814-95d3-c6b949924e1e
PLH - Activity - Baby08 - Active -  Dance party,db431812-7976-47ee-a482-98bd08892500
PLH - Activity - Baby09 - Calm - Lullaby,d9c64630-4612-4106-8e52-7635ceadbd02
PLH - Activity - Baby10 - Active - See it Be it,fd715254-7dce-4648-82ff-8b1dbbb97277
PLH - Activity - Baby11 - Active - Cooking together,6d5b0f37-3c86-44f8-95e4-ee1e650dc1f3
PLH - Handler - Content - Main,9fba976a-d069-466d-9e93-4f76b40b4346
PLH - Activity - Baby13 - Calm - At the end of the day,625418e7-4c0b-4caa-a297-3fe7ca9d3434
PLH - Activity - Child01 - Active -  Rain on the mountain,96d2a43f-bc93-42c1-9b7f-e2026bd821ab
PLH - Activity - Child02 - Active -  Dance party,831d8dd1-90a5-4fdc-9344-e3fb57a4accb
PLH - Activity - Child03 - Calm -  Listening to sounds,9e1a7d20-642c-413e-a4e1-ea18a3fe8c77
PLH - Internal - Print children age group string,2ee530a7-8e27-447c-8995-2ee52d6604fa
PLH - Timed - Periodic - Congratulations,a2145362-9ef0-4827-b211-69c551b6d0d8
PLH - Internal - Print parenting toolkits,7e979053-2396-4f8c-bf78-286e16c19c04
PLH - Internal - Update toolkits,75c24d18-dc23-4eb5-ae40-6253257243a1
PLH - Internal - Update incomplete toolkits,d7fa8d6a-1568-45ec-a8bd-fad91a255e78
PLH - Internal - Update survey counters,d628b6cb-3246-442c-b68e-e8a93fea15fd
PLH - Survey - Parenting - Questions,af259824-a3aa-45ae-9749-769d33cd199f
PLH - Survey - Parenting & Behaviour - Comparison,bfb3782a-b85e-43c6-b489-58098440a820
PLH - Supportive - Family,2514c863-6688-4fc4-b0e1-82cc0d0d0b82
PLH - Supportive - Help reminder,a9ce76a1-3818-4da7-946c-5a7adfbacea0
PLH - Survey - Behave - Tips for difficult behaviours,13ac3201-8991-416f-8f8c-4bbd6a7b43bc
PLH - Picker - Age group for tips,a8ba309b-191d-4bd8-a7a2-000b170fcdce
PLH - Survey - IPV,9e7bc749-b36f-42a8-a85a-5b1faddfa1f6
PLH - Activity - Child - Active - Name that tune,4f7dded7-fd0d-4541-a254-a29504e1d2c0
PLH - Content - Relax - Exercise,b3a52152-5f49-4665-b973-50c8bb31b07e
PLH - Content - Relax - Take a pause - Timed intro,f5f9786c-f760-482c-8574-711621500d3a
PLH - Safeguarding - SOS,3a045616-0f90-46ee-8a20-4030ead1e580
PLH - Content - Relax - Take a pause,9d85b84b-4958-4631-9792-de69912d74b0
PLH - Internal - Handle uncaught messages,816e786e-5a6e-4fae-9ff2-4a0de844f11a
PLH - Safeguarding - Redirect to topic,41ee55d8-1ddb-4a90-a4f8-cbe635183f65
PLH - Content - Time - CheckIn - One on one time,ee7fd692-ed3e-4dc6-88b9-3033fc374c6e
PLH - Content - Time - One on one time baby - Timed intro,7f1f4c38-96c3-47aa-a2ae-0d7bf29a4dfc
PLH - Content - Time - One on one time baby,13b439ae-9dbf-4cd9-8211-1d19dd4de4a9
PLH - Content - Time - One on one time child - Timed intro,44111453-1674-47fc-a2c2-f4f803b473a6
PLH - Activity - Adult - Active - Relax,9152ec42-bee9-4762-a324-cfd0f112ac0d
PLH - Activity - Child - Calm - Three options,792a81a7-df71-44b4-a4e8-7db9b3fa5765
PLH - Activity - Teen - Active - Make housework fun,beea72ae-bbbd-4151-9ccc-d38435561753
PLH - Internal - Empty,f4cdd519-1429-4b80-965c-c7300b1e11fc
PLH - Help - Exit messages parent,1eb0a844-65d6-4d81-8d99-33410dfd9c91
PLH - Help - Exit messages child,aaec2c87-68c4-461e-9df6-4f756e6d3a8d
PLH - Help - Settings - Change age group for tips,e5d12dd0-4ddb-49ef-9db0-d5639ff09b25
PLH - Help - Settings - Entry,8e56b4fa-d189-46d3-a5c9-83e5fc427eaf
PLH - Help - Settings - Language,fe97a73d-cc24-4af7-991c-cc41a6f74165
PLH - Help - Settings - Leave the program,6a0eb549-bd19-45a1-a7de-b62723fc9361
PLH - Help - Settings - Manage information children,070662fa-f7fb-4866-9e89-1c72c24261fd
PLH - Help - Settings - Manage information user,56693e89-3fc6-44a2-b808-10302057b3cf
PLH - Help - Settings - Manage information,a4f2c6b2-deae-4893-97ad-282ed45d4075
PLH - Help - Settings - Message timing,e2b1a899-1eec-4655-9ff2-ff20958d0c82
PLH - Help - Settings - Type of media content,7e9363f2-4ee8-4b81-8b46-d7b755cf9f21
PLH - Content - Positive - CheckIn - Rules,75dfcdf1-6beb-481f-96b2-54762a9569ef
PLH - Content - Positive - Behave - Crying - Timed intro,2c93c7a2-6ba8-475b-ab3d-99707a8e417d
PLH - Activity - Adult - Active - 2 truths 1 lie,0f5281f2-36c8-4bfe-bcff-3e1ef091404c
PLH - Activity - Adult - Active - Crazy chicken,7d7133e8-e62b-4532-87a3-347d9a41c837
PLH - Activity - Adult - Active - Family work out,8aa93dde-4c6a-4c46-b02e-adcd7d439945
PLH - Content - Positive - Education - Timed intro,30f6a363-fbd4-4c2d-aee4-96a8d52f1703
PLH - Activity - Adult - Calm - Stop and listen,27d88e29-9d40-4326-b6ba-749c73675a31
PLH - Activity - Adult - Calm - A short pause,eba087f4-c09b-41b1-a1fe-6d9b3fd5e6f1
PLH - Activity - Adult - Calm - Give yourself a hug,63d39bbb-2b39-444c-b419-68e0444ae854
PLH - Activity - Adult - Calm - Magical number,d430b36b-e609-4e65-b284-3d76923bbd03
PLH - Activity - Adult - Calm - Release some energy,8d19870c-db62-4140-8ec0-eaca6418942f
PLH - Activity - Adult - Calm - Taking care of yourself,a517ad72-f5f6-414e-a723-6b36667bd85f
PLH - Activity - Baby - Active - Cooking together,5091429e-d18a-4ea6-9ee8-b5ddebe0bf93
PLH - Activity - Baby - Active - Dance party,3c6c23a8-a043-4f14-83be-a28eb71b7fe9
PLH - Activity - Baby - Active - Down in a ditch,b9650f2f-3bc6-4a34-ba0f-5f4d632b49d1
PLH - Activity - Baby - Active - Funny faces,984cf90f-e9df-4f92-832a-304610d9ba5e
PLH - Activity - Baby - Active - Mirror game,221cdbfe-ac96-4eba-beb2-b7434cb85f88
PLH - Activity - Baby - Active - Musical Toes,315cc58a-2e34-472a-95c2-811641b1db41
PLH - Activity - Baby - Active - Peek a boo,691bcc36-c1ac-400a-ac2b-ce464ef47d58
PLH - Activity - Baby - Active - See it Be it,9e6e19d8-e4bc-4066-ac76-d9131120beb3
PLH - Activity - Baby - Active - Shakers,5b3875f1-ff2e-42e4-882f-ddc286c36920
PLH - Activity - Baby - Active - The sun is coming,cc91cd49-b1bd-4730-b8d7-4c07871b9d2f
PLH - Activity - Baby - Calm - At the end of the day,57c2c273-5149-4c60-96b5-6efc5d08c2e0
PLH - Activity - Baby - Calm - Lullaby,22c94b86-2f9f-4c71-905a-546f3b4a9c77
PLH - Activity - Child - Active - Crazy chicken,e9df5e35-a4d0-4956-8a56-54626b57f4e1
PLH - Activity - Child - Active - Dance choreography,7bd7497e-c7e9-4c9c-9302-5488aee9dfb7
PLH - Activity - Child - Active - Dance party,57266ce1-118f-469a-9429-31aa31ea4211
PLH - Activity - Child - Active - Freeze dance,235c4579-6d2d-447d-b82f-c7903be25916
PLH - Activity - Child - Active - Make housework fun,e8f4b9b8-d786-4efb-8dc7-54109eb41806
PLH - Activity - Child - Active - Mirror,396764be-6b2c-47f0-9e56-853a20894c72
PLH - Content - Positive - Education,9ad01a74-9fce-47e0-aae9-25af621d90ef
PLH - Activity - Child - Active - Rain on the mountain,c232f8a7-3569-4028-918f-d56ea55467ab
PLH - Activity - Child - Active - Run around and do this,edebc9fe-aa64-4c6c-96c7-b5fd9991b104
PLH - Activity - Child - Active - See it be it,d4d0c35d-e099-4ce1-94b6-ca774d4f0109
PLH - Activity - Child - Active - Ship to shore,cb1999be-2850-422c-8cfc-d5560a945230
PLH - Activity - Child - Active - Stage Directions,6de40d53-d6ac-4618-a210-6c683b9e7bce
PLH - Activity - Child - Active - Superpowers,82b04289-7a3d-49d9-906f-db2731e3fbad
PLH - Activity - Child - Active - Transform the object,b7ee4c25-5ded-40df-8275-a58aa904991b
PLH - Activity - Child - Active - What are you doing,e1e06ecf-570d-4ae1-b3cf-b537d30a00c5
PLH - Activity - Child - Active - Worms go home,ee05ad64-cb62-49d6-a8b4-ae487c608537
PLH - Activity - Child - Calm - At the end of the day,1f9cd48e-69ca-4cb8-91cd-c42e8202fd50
PLH - Activity - Child - Calm - Blind Dragon,60c3083b-c140-4f20-89b5-74859213f233
PLH - Activity - Child - Calm - Dancing with Angels,81519670-c070-44e0-8585-25a02f4bf983
PLH - Activity - Child - Calm - Drawing,23d84d99-4246-42c2-afc7-217280c16d5d
PLH - Activity - Child - Calm - Listening to sounds,24722b44-c8bc-45c9-af76-f331581804ce
PLH - Activity - Child - Calm - Memory game,a8e55816-55ec-4799-bbec-2bf7c00181f6
PLH - Activity - Child - Calm - Self portrait,564f4684-442b-4532-ae0e-389552330fad
PLH - Activity - Child - Calm - Story time,a896f278-6593-4e24-854a-646dd199cfe2
PLH - Activity - Child - Calm - The Interrupter,857a1ab8-7e00-44c3-a1f2-5abc4494353f
PLH - Safeguarding - Nodes to add,1976152b-2a15-4ad9-93af-6422ed274be9
PLH - Activity - Child - Calm - When I was younger,5a8107bb-cded-41f7-9c1e-7b2c8215cbe0
PLH - Activity - Teen - Active - Co chef,c45ef418-7ba3-4367-a470-c2d1372ed567
PLH - Activity - Teen - Active - Crazy chicken,61be2110-e510-4e6b-b3cf-98b8b4b26010
PLH - Activity - Teen - Active - Dance Choreography,6984262a-d4b0-4ae7-bd27-7eec9bd46471
PLH - Activity - Teen - Active - Get Active,d6c89f74-3a77-4bb3-b2f4-d892e843996f
PLH - Content - Positive - Family - Timed intro,6f7084a3-68dd-4d5f-acd7-1d1dfacf6db2
PLH - Activity - Teen - Active - Name that tune,e0ac6123-66d1-4fec-b4fe-a0225b8cf82c
PLH - Activity - Teen - Active - Pass the snap,3bd846b7-f3c4-40a9-a11e-4933c9b3fc6a
PLH - Activity - Teen - Active - What are you doing,b68c70e5-aae0-45f2-b40c-397f91ca9da1
PLH - Activity - Teen - Active - What is new,b69fa03b-e80d-4731-8bbf-a321638ed1ce
PLH - Activity - Teen - Calm - 2 Truths 1 Lie,97bf0ecb-5863-43c6-8b60-827f63141dfc
PLH - Activity - Teen - Calm - At the end of the day,35e56d68-dc11-4dd4-8880-3f398e5b56f0
PLH - Activity - Teen - Calm - Dream travel,25da89b0-9c06-48e8-b1d7-593d835dff7b
PLH - Activity - Teen - Calm - How was your day,4c0d284c-cccd-43e0-96fb-4be0d010ab85
PLH - Activity - Teen - Calm - Just a friendly chat,a3c746dd-b132-4e9b-b105-47535246c1c1
PLH - Activity - Teen - Calm - Make up a story,ac3c037c-4d4a-40a6-b2c0-11400ce60b85
PLH - Activity - Teen - Calm - Mirror,e7f7f1d8-e9eb-42e0-97d3-cb70ed885889
PLH - Activity - Teen - Calm - Superpowers,4935e4f0-0f26-4942-9bdf-d121bf630f10
PLH - Activity - Teen - Calm - The Interrupter,c523bb11-5cda-4e89-bb20-0b7ef35f0724
PLH - Activity - Teen - Calm - Three options,2c967a18-740e-466d-8294-6ae9979876b2
PLH - Activity - Teen - Calm - When COVID19 ends,b9383155-4295-4157-8216-8add2a3d51d9
PLH - Activity - Teen - Calm - Yes No or Maybe,9c6fe032-efce-493f-802d-23f458b899ee
PLH - Content - Positive - Behave - Consequences - Timed intro,7d892561-cc24-410f-9cad-fc874ef3bff9
PLH - Content - Positive - Behave - Consequences,80cf0862-4d67-48e1-be48-cc13f387c7e6
PLH - Content - Positive - Behave - Crisis - Timed intro,58f6094d-9b59-4fe5-b219-a091eb41020c
PLH - Content - Positive - Behave - Crisis,030ec6a4-0f68-46a4-82c3-7102bbabf3c4
PLH - Content - Positive - Behave - Crying,1c4ec61a-fd32-40d1-82f0-07ec7a9bfcca
PLH - Content - Positive - Behave - Emotion - Timed intro,7d366f92-8e4f-4d60-a89c-7d1909e47263
PLH - Content - Positive - Behave - Emotion,7fa079c2-d135-4798-be32-e15655b99cd8
PLH - Content - Positive - Behave - Ignore - Timed intro,19365806-417b-4130-8b17-77ad9196d491
PLH - Content - Positive - Behave - Ignore,f1563130-0e0e-4221-ad20-dfdcc35788db
PLH - Content - Positive - Behave - Praise - Timed intro,a6b7c942-a14b-4c14-8659-2a082ba26f3e
PLH - Content - Positive - Behave - Praise,5707237f-a9b2-41c6-92a1-64be8c4338a8
PLH - Content - Positive - Behave - ProblemSolving - Timed intro,e913b7a5-7d60-41ef-9103-a522fdd9db7c
PLH - Content - Positive - Behave - ProblemSolving,3a9b122c-179b-4931-8331-a26052797a0e
PLH - Content - Positive - Behave - Redirect - Timed intro,5ed40695-1b80-41bc-b60d-6ba2f3d2a6d3
PLH - Content - Positive - Behave - Redirect,52275b4c-a549-4178-aeaa-1a08b3ba9b25
PLH - Content - Positive - Behave - Routines - Timed intro,31001870-12a2-4971-926c-236a0dcd1b20
PLH - Content - Positive - Online adults,7fcc8f1d-e644-4fe5-96fb-fab6c9c1824e
PLH - Content - Positive - Book sharing - Timed intro,0f4503d6-ffbb-4064-8afb-3706e03c963f
PLH - Content - Positive - Budget adults - Timed intro,2e0dcc4c-2f19-4c7e-bb65-6f80982eddc3
PLH - Content - Positive - Budget adults,bd6c403b-7636-49b0-bf3f-18c1eac1cd8a
PLH - Content - Positive - Budget with children - Timed intro,16147087-7f06-4c0a-9484-412d3041dd40
PLH - Content - Positive - Budget with children,ea72c36f-8211-44ef-9b1d-45d5d3a00e7f
PLH - Content - Positive - Behave - Routines,dffaf21e-96c0-4052-9406-0df2fe22a6a1
PLH - Content - Positive - CheckIn - Emotions,b4f6a14a-e80a-4e61-aebb-128e3df53c96
PLH - Content - Positive - CheckIn - Instructions,9fd33f80-3786-44e9-9527-9381bc414fae
PLH - Content - Positive - CheckIn - IPV 1,4b0a0e4b-02e9-4abb-b7fb-779edd3bc783
PLH - Content - Positive - CheckIn - IPV 2,1c28b2dd-fb97-455c-8f32-a8e5f8f83655
PLH - Content - Positive - CheckIn - IPV 3,878ae2ac-e00d-4687-8c83-170956f19e7c
PLH - Content - Positive - CheckIn - IPV 4,8bc2ea03-e2a8-4719-b2fe-9da1e176dd29
PLH - Content - Positive - CheckIn - IPV 5,ddb2e3ea-fc47-40cc-af07-87431a787428
PLH - Internal - Define attachments paths,c9e748d4-60de-4995-8174-624f65e734a6
PLH - Content - Positive - CheckIn - Praise,c1f8f075-3612-4396-b138-17b030f7859a
PLH - Content - Positive - CheckIn - Routines,5c634481-4cba-4a1c-b8aa-52e66dbc0979
PLH - Welcome - Initial registration - Gender,0377c4c6-b864-47f6-8b12-d779966d4518
PLH - Welcome - Initial registration - Age,ecb5e791-838b-49e2-b5a2-1a5436d19f61
PLH - Welcome - Initial registration - Relationship,049cf489-611d-4a86-9847-df2a27b11373
PLH - Welcome - Initial registration - Media,bfa64d96-01fb-4d77-a869-6ff9cf5bb2d2
PLH - Welcome - Initial registration - Age group for tips,9d54a8a4-838a-4f6e-b288-b06a32bea8c2
PLH - Help - COVID referrals,a015ebd9-5b7b-4419-a4fd-d1c43ea28efa
PLH - Content - Positive - Online adults - Timed intro,8a829a0d-0f9b-481a-8dea-b92b5fda72ef
PLH - Supportive - Budget,8afb05f2-d449-4792-8c64-62d6d5c3dbcb
PLH - Content - Positive - Online children - Timed intro,0db93ae1-51f1-45ff-937a-cbbafd851065
PLH - Content - Positive - Online children,2bf202d3-ebbd-4774-bb24-d22f5f1983e0
PLH - Content - Positive - Positive instructions,7dc98d3f-0c2f-4ee1-bebb-a9f25ee5c481
PLH - Content - Positive - Rules - Timed intro,81df20e0-3f4c-4e4c-b170-e75519d39ccf
PLH - Content - Positive - Safe or unsafe touch - Timed intro,095d2bcc-57b1-44df-a825-50dd09419f6f
PLH - Content - Positive - Safe or unsafe touch,59f1e979-035d-4e10-9376-2526a3890b3b
PLH - Content - Positive - IPV,fc4be45a-a868-45b5-9462-041a48974403
PLH - Help - Settings - Leave the program - Interview,cef650f1-1d72-42c9-97f9-6c8e67c292de
PLH - Internal - Single hook message,21c0d0e1-70e6-4c40-a4ef-28cd4c35aa4e
PLH - Internal - Multiple hook messages,9a1d30a8-0f5f-479c-a05f-ae25264d93d9
PLH - Handler - Activity - Adults - Calm,aacc16dc-5b36-47d8-bf1f-54810c482939
PLH - Handler - Activity - Adults - Active,b2382e3c-38e7-4c14-b986-284e40bcebff
PLH - Handler - Activity - Babies - Calm,a5c99bca-8fb7-49f6-9fb6-0dfba6e6a2bb
PLH - Handler - Activity - Babies - Active,52b72a1a-10e0-4cd4-b0f9-eddc690ec679
PLH - Handler - Activity - Teenagers - Active,b9552158-17a4-4a5c-82ea-6d4957971455
PLH - Handler - Activity - Teenagers - Calm,cfea2b25-c0f7-43f7-b07d-ce1ca39aa633
PLH - Handler - Activity - Young children - Active,36979932-1872-4a43-bc54-443b640319ca
PLH - Handler - Activity - Young children - Calm,312b29b3-3d8d-4e81-9d4e-201d1edae733
PLH - Content - Time - One on one time child,361be293-8121-45f2-843f-11fc4d582ec6
PLH - Content - Time - One on one time teen - Timed intro,49bd9e99-b758-4c9b-8ac0-7d6dd5840e7e
PLH - Content - Time - One on one time teen,2e4bbbc3-35cb-46ce-bf2b-5754d3442776
PLH - Welcome - Entry - No consent,77e5ae44-4006-438a-8630-6bb6c8589a33
PLH - Welcome - Entry - No consent - Interview,492ae382-be33-4b68-9c48-1ccfed50cb60
PLH - Safeguarding - Health - Entry,376da1b6-e78d-4665-9212-64227ed33bd1
PLH - Safeguarding - Health - Referrals,1fdebc72-b786-47e4-9ceb-4c7032e2e394
PLH - Safeguarding - Mental health - Entry,22c5cc6a-5edd-45b7-be98-6d3c4dc49dc2
PLH - Safeguarding - Mental health - Referrals,10657da6-bbc3-4e70-85de-a84b773d072c
PLH - Safeguarding - Natural disasters - Entry,001c3c4c-8b74-4c15-90c3-ac3ee4af4fdd
PLH - Safeguarding - Natural disasters - Referrals,65dbc5a7-54a3-4c5b-b39e-3521e7c3a583
PLH - Safeguarding - Violence - Entry,2aaabc6e-0716-4ee9-b2ab-da56c304b4f2
PLH - Safeguarding - Violence - Referrals,435c62d0-a281-49c9-b8f6-32664c422b29
PLH - Safeguarding - Generic - Entry,e9a884f1-6b1f-4a54-9bff-def51ee8e1c3
PLH - Safeguarding - Generic - Referrals,f3ce3b88-d8ed-4b8f-9709-b6bdeb268ef3
PLH - Safeguarding - WFR interaction,4f882d00-4fb9-405c-b350-5413a850e9c3
PLH - Supportive - Share - Link,f7ac35de-0c06-4874-9902-25fda2ecdf68
PLH - Welcome - Initial registration - Child nickname,353bb767-69dc-460a-b07d-a4bf48c75ccb
PLH - Welcome - Initial registration - Nickname,d61582a2-2434-486b-92dc-15ac42e87820
PLH - Content - Positive - CheckIn - Redirect,d3b4b3c6-9496-44ea-8fbc-ddbca6086684
PLH - Content - Positive - CheckIn - Book sharing,2fb422c6-697b-4dcf-a56d-f0a02adbc0e9
PLH - Content - Positive - CheckIn - ProblemSolving,2e6a67e9-7c8f-4c36-a48a-1f4a93121966
PLH - Content - Positive - CheckIn - Online,d1209689-b7d4-4d17-8a09-b896df62b0cc
PLH - Content - Positive - CheckIn - Crying,2819325b-7dbf-47dd-9076-43bb897463e6
PLH - Content - Positive - Community safety,f4e58a77-afa1-463f-95a9-fc20ad57cbd2
PLH - Content - Positive - CheckIn - Crisis,83705f58-e481-4d2b-9b62-845e16ed9e43
PLH - Content - Positive - CheckIn - Safe or unsafe touch,7415db9f-c41a-4526-bd52-92f471a19f69
PLH - Content - Positive - CheckIn - Budget,b9babca7-3dd9-4b53-b222-d1f6901bff86
PLH - Content - Positive - CheckIn - Education,9122f6b7-d5e3-4d9b-890d-1251cc8fa16d
PLH - Content - Positive - CheckIn - Community safety,0d51e338-f87f-4df1-8f32-cc761fea399f
PLH - Content - Relax - Keeping calm,2d3c4b5d-a098-42fc-aedb-3fdc3227909f
PLH - Content - Positive - CheckIn - Consequences,fcfd32db-31e8-41b6-b10c-d9ee022a3131
PLH - Content - Positive - CheckIn - Ignore,40cbcb53-cdc1-4491-b5ce-9c03bb8e2500
PLH - Content - Extra - CheckIn - COVID,ddd4aa18-c27c-4cca-84a4-950a3f80a7da
PLH - Introductory - First message,1665e780-5294-409b-bfb8-842b8e4d46a8
PLH - Introductory - First received tip,57d84b92-4290-4e25-a037-15ddb9fee0b6
PLH - Supportive - Activities for babies,e383a330-6821-468d-bf4d-09eebc232b6a
PLH - Supportive - Activities,abfbe466-e1d6-4a68-86f4-12ad8c1b98f5
PLH - Supportive - Behave reminder,5c8ab2a6-2ec8-4f7a-bb8a-021b5f7cc8aa
PLH - Supportive - Children reminder,cc657265-80f3-40a5-a129-5423de6efd45
PLH - Supportive - Covid,426024b0-bb74-4b43-8ddd-fd1866b93f70
PLH - Supportive - Development,2ced5457-4610-4fab-ab25-96636adfd512
PLH - Supportive - Disabilities,78c52ccf-a81d-4e70-aa39-ee44cacfbce6
Test by day - Timed - Morning,ff01f3a2-bc25-4a28-9492-9f67d37289a5
Test by day - Timed - Evening,a2935037-5267-4321-a03e-a45b6e2aa20d
Test by day - Reset simulation,03e8fe34-9a36-4820-8a13-1e0655fdfa50
Test by day - Simulate program,de670e00-fb02-4eac-9d5a-d456af53667a
Test by day - Internal - Update survey counters,613b67a3-b848-4030-92ab-023c102c513b
Test by day - Handler - Survey,4f6c89e4-05bb-4d8d-acb3-1ee312ba45e6
Test by day - Timed - Main,ec44c44a-96b0-4a70-9a11-f5671a7a6a15
Test sequential - Simulate program,f2144e3f-eec4-485d-b966-2d3c26398a8b
PLH - Content - Positive - CheckIn - Online adults,4dd3ba3e-5524-439c-8b63-a90a664a657e
PLH - Content - Positive - CheckIn - Budget adults,b7192dfe-34db-4578-93f8-d433dc23a7b7
PLH - Content - Positive - CheckIn - Family,13bebb72-79e1-4567-ab29-15262c52cb4d
PLH - Content - Relax - Quick Pause,edcba36d-138f-4320-bb02-6a284562e921
test - PLH - Safeguarding - Template,2ca5ff5d-663e-41a2-a95c-2fa72422f2e1
PLH - Help - Settings - Update frequency,446b628d-ba7b-4ad7-bfb5-97263a087f31
PLH - Content - Positive - IPV - Tip 1,22140df1-f220-43a1-8e7d-53ed6ce958de
PLH - Content - Positive - IPV - Tip 2,ac2145c5-6a5f-49b3-af69-63601aaed94a
PLH - Content - Positive - IPV - Tip 3,7df907fe-75a2-4001-a50c-cf6466fbbc43
PLH - Content - Positive - IPV - Tip 4,44ece852-fe5f-44e1-a05e-3cec00404f01
PLH - Content - Positive - IPV - Tip 5,562df0c7-28a8-43d1-a4e8-3a5b3ede3e93
test - PLH - Safeguarding - Nodes to add,1caf8fa6-8964-4019-be93-89fd8d58a527
PLH - Content - Relax - Anger management 2,cd792a8c-3929-418c-98f8-d095457549e3
PLH - Content - Positive - CheckIn - Online children,53415115-3498-4169-8ca0-33bfa1ed4f6e
PLH - Content - Positive - CheckIn - Budget with children,e06ea9a5-bac2-4c4a-93e7-71aba8fb3f63
test checkins,27acb8a4-3d8f-4338-bcc7-3676e8e7234c
old PLH - Timed - Morning (no content),21976292-ecd4-4e02-8b87-b9246225fcf0
old PLH - Handler - Content - Morning,87ffc50e-1d0e-4330-9a6f-3a9b1a0b425c
old PLH - Timed - Evening,d87378e0-b74e-4fe4-8704-25d5835168b3
PLH - Supportive - Congratulations for finishing the programme,609b778f-f4cf-4ae3-84df-ae8a792b1507
test_exp1,40db3cf3-10f9-4d78-9794-340236781e9e